{
 "male-front": {
  "collar": 0.2751736111111111,
  "cx": 0.4878472222222222,
  "chest_w": 0.6134259259259259
 },
 "male-back": {
  "collar": 0.20052083333333334,
  "cx": 0.5214120370370371,
  "chest_w": 0.5833333333333334
 },
 "wren-front": {
  "collar": 0.1189236111111111,
  "cx": 0.5040509259259259,
  "chest_w": 0.4131944444444444
 },
 "wren-back": {
  "collar": 0.3315972222222222,
  "cx": 0.49421296296296297,
  "chest_w": 0.6226851851851852
 }
}