{"male_black_back.png": {"collar": 0.286425902864259, "cx": 0.51, "chest_w": 0.6233333333333333}, "male_black_front.png": {"collar": 0.21793275217932753, "cx": 0.49166666666666664, "chest_w": 0.5733333333333334}, "male_ivory_back.png": {"collar": 0.28393524283935245, "cx": 0.5233333333333333, "chest_w": 0.63}, "male_ivory_front.png": {"collar": 0.30510585305105853, "cx": 0.4891666666666667, "chest_w": 0.5916666666666667}, "male_white_back.png": {"collar": 0.28393524283935245, "cx": 0.5191666666666667, "chest_w": 0.6383333333333333}, "male_white_front.png": {"collar": 0.30884184308841844, "cx": 0.49916666666666665, "chest_w": 0.5816666666666667}, "female_white_front.png": {"collar": 0.23785803237858033, "cx": 0.5075, "chest_w": 0.465}, "female_white_back.png": {"collar": 0.3287671232876712, "cx": 0.5041666666666667, "chest_w": 0.4583333333333333}, "female_black_front.png": {"collar": 0.24906600249066002, "cx": 0.5066666666666667, "chest_w": 0.46}, "female_black_back.png": {"collar": 0.33374844333748444, "cx": 0.49583333333333335, "chest_w": 0.475}, "female_ivory_front.png": {"collar": 0.2403486924034869, "cx": 0.5058333333333334, "chest_w": 0.46166666666666667}, "female_ivory_back.png": {"collar": 0.3275217932752179, "cx": 0.5008333333333334, "chest_w": 0.46166666666666667}}